{"mean":{"confidence_interval":{"confidence_level":0.95,"lower_bound":0.0039539259046076245,"upper_bound":0.006911509737720589},"point_estimate":0.00536970106113932,"standard_error":0.000756237495929863},"median":{"confidence_interval":{"confidence_level":0.95,"lower_bound":0.0041859303804531855,"upper_bound":0.006636796069951378},"point_estimate":0.005644973697264355,"standard_error":0.0006510409197383073}}