{"mean":{"confidence_interval":{"confidence_level":0.95,"lower_bound":0.05138202999061446,"upper_bound":0.054607399205721094},"point_estimate":0.05304636964738774,"standard_error":0.0008188044903449935},"median":{"confidence_interval":{"confidence_level":0.95,"lower_bound":0.051673120793963356,"upper_bound":0.05347390242290251},"point_estimate":0.05263285396952555,"standard_error":0.0004616350083434631}}