{"mean":{"confidence_interval":{"confidence_level":0.95,"lower_bound":0.11950370284345183,"upper_bound":0.1248782380552434},"point_estimate":0.1225018730369376,"standard_error":0.0013768791925062958},"median":{"confidence_interval":{"confidence_level":0.95,"lower_bound":0.12144474860898424,"upper_bound":0.12376322215105051},"point_estimate":0.12298540215663545,"standard_error":0.0006084626655714823}}