{"mean":{"confidence_interval":{"confidence_level":0.95,"lower_bound":0.046852058734153865,"upper_bound":0.05397889758760083},"point_estimate":0.051017319016967155,"standard_error":0.0018589097611303772},"median":{"confidence_interval":{"confidence_level":0.95,"lower_bound":0.0504511864716044,"upper_bound":0.05319584998397198},"point_estimate":0.051703366224937986,"standard_error":0.0006737819723440318}}