{"mean":{"confidence_interval":{"confidence_level":0.95,"lower_bound":-0.02869803388405562,"upper_bound":-0.023250643934397047},"point_estimate":-0.025871921707757317,"standard_error":0.001384019456827195},"median":{"confidence_interval":{"confidence_level":0.95,"lower_bound":-0.027081965185793644,"upper_bound":-0.023325646405238598},"point_estimate":-0.025395242286586184,"standard_error":0.0009417592832002424}}