{"mean":{"confidence_interval":{"confidence_level":0.95,"lower_bound":0.03022305045680575,"upper_bound":0.03400630022275503},"point_estimate":0.03207866813354143,"standard_error":0.0009750133043524366},"median":{"confidence_interval":{"confidence_level":0.95,"lower_bound":0.03106681938243368,"upper_bound":0.03389014030158122},"point_estimate":0.03291997742930852,"standard_error":0.0007344149615996239}}