{"mean":{"confidence_interval":{"confidence_level":0.95,"lower_bound":-0.025339394073487433,"upper_bound":-0.020715179256641056},"point_estimate":-0.023179999204205326,"standard_error":0.0011685158787274792},"median":{"confidence_interval":{"confidence_level":0.95,"lower_bound":-0.024697244865815593,"upper_bound":-0.02238349442319043},"point_estimate":-0.023613462263775142,"standard_error":0.0005738813103516369}}