{"mean":{"confidence_interval":{"confidence_level":0.95,"lower_bound":0.01001881285002354,"upper_bound":0.012947555127220229},"point_estimate":0.011401373335726994,"standard_error":0.0007485514083704393},"median":{"confidence_interval":{"confidence_level":0.95,"lower_bound":0.010227645568536836,"upper_bound":0.011994803563064593},"point_estimate":0.011317041493864366,"standard_error":0.00043500929153550514}}