{"mean":{"confidence_interval":{"confidence_level":0.95,"lower_bound":-0.052100916907119266,"upper_bound":-0.04611644614618923},"point_estimate":-0.048629976301313826,"standard_error":0.0015486083412216954},"median":{"confidence_interval":{"confidence_level":0.95,"lower_bound":-0.04924598669352598,"upper_bound":-0.046148690408078674},"point_estimate":-0.047420565488192845,"standard_error":0.0007578627668508855}}