{"mean":{"confidence_interval":{"confidence_level":0.95,"lower_bound":0.018582920196474083,"upper_bound":0.023027929228314457},"point_estimate":0.020845654469489272,"standard_error":0.00113537740951212},"median":{"confidence_interval":{"confidence_level":0.95,"lower_bound":0.020624574620705438,"upper_bound":0.023082795993394356},"point_estimate":0.021840323412890328,"standard_error":0.0006120313007995704}}