{"mean":{"confidence_interval":{"confidence_level":0.95,"lower_bound":0.007783161659195526,"upper_bound":0.013139822364045928},"point_estimate":0.01029202599598178,"standard_error":0.0013742152195744012},"median":{"confidence_interval":{"confidence_level":0.95,"lower_bound":0.006530695945343945,"upper_bound":0.010525003028936775},"point_estimate":0.008355182465674682,"standard_error":0.0009658970462120568}}