{"mean":{"confidence_interval":{"confidence_level":0.95,"lower_bound":19.558713715526892,"upper_bound":19.597040075054093},"point_estimate":19.577319247717288,"standard_error":0.009797472206778594},"median":{"confidence_interval":{"confidence_level":0.95,"lower_bound":19.54472531724651,"upper_bound":19.578800844718447},"point_estimate":19.556817221789473,"standard_error":0.009742739567601912},"median_abs_dev":{"confidence_interval":{"confidence_level":0.95,"lower_bound":0.04495791797296444,"upper_bound":0.07887120919612159},"point_estimate":0.062545712876488,"standard_error":0.008437574137472852},"slope":{"confidence_interval":{"confidence_level":0.95,"lower_bound":19.569882795132383,"upper_bound":19.595059027280392},"point_estimate":19.58234515567755,"standard_error":0.006416960072153136},"std_dev":{"confidence_interval":{"confidence_level":0.95,"lower_bound":0.07350059007979154,"upper_bound":0.12002272537135461},"point_estimate":0.0979430011467818,"standard_error":0.01193163830845412}}