{"mean":{"confidence_interval":{"confidence_level":0.95,"lower_bound":-0.0004519902240275542,"upper_bound":0.0026621033211217267},"point_estimate":0.0011215474336851994,"standard_error":0.0007945217650800616},"median":{"confidence_interval":{"confidence_level":0.95,"lower_bound":0.0007810278245257152,"upper_bound":0.0036442095554127807},"point_estimate":0.0021351801299462903,"standard_error":0.0007296937578037601}}