{"mean":{"confidence_interval":{"confidence_level":0.95,"lower_bound":0.02868515166730033,"upper_bound":0.036278125940775084},"point_estimate":0.03307358597566856,"standard_error":0.0019700222616699163},"median":{"confidence_interval":{"confidence_level":0.95,"lower_bound":0.03644709181381067,"upper_bound":0.03930160178275077},"point_estimate":0.03821451968065781,"standard_error":0.0007147067519757976}}