{"mean":{"confidence_interval":{"confidence_level":0.95,"lower_bound":-0.16387589913134804,"upper_bound":-0.1607644712347938},"point_estimate":-0.16227740286659686,"standard_error":0.0007919028726212882},"median":{"confidence_interval":{"confidence_level":0.95,"lower_bound":-0.16323552236248917,"upper_bound":-0.16102557713957422},"point_estimate":-0.1624286831105084,"standard_error":0.0005792080783269462}}