{"mean":{"confidence_interval":{"confidence_level":0.95,"lower_bound":0.0015930294014603612,"upper_bound":0.007487583517815851},"point_estimate":0.004679662067593737,"standard_error":0.0014768613910860324},"median":{"confidence_interval":{"confidence_level":0.95,"lower_bound":0.0023805678367680994,"upper_bound":0.007518248888333856},"point_estimate":0.004729399845365911,"standard_error":0.0012558609091658224}}