{"mean":{"confidence_interval":{"confidence_level":0.95,"lower_bound":0.02730228343036971,"upper_bound":0.030752003548781603},"point_estimate":0.028990539027964113,"standard_error":0.0008769542653689602},"median":{"confidence_interval":{"confidence_level":0.95,"lower_bound":0.028220807965330996,"upper_bound":0.03096139797160169},"point_estimate":0.0295949444726884,"standard_error":0.0006709834139325755}}