{"mean":{"confidence_interval":{"confidence_level":0.95,"lower_bound":-0.029539115868324025,"upper_bound":-0.027495563145333708},"point_estimate":-0.028480556917414024,"standard_error":0.0005200791875420638},"median":{"confidence_interval":{"confidence_level":0.95,"lower_bound":-0.028963979550144736,"upper_bound":-0.02665652322636225},"point_estimate":-0.027688335180078738,"standard_error":0.0005994479365533444}}