{"mean":{"confidence_interval":{"confidence_level":0.95,"lower_bound":-0.04621070857106263,"upper_bound":-0.0397179378342852},"point_estimate":-0.042749221488985856,"standard_error":0.0016577491604389933},"median":{"confidence_interval":{"confidence_level":0.95,"lower_bound":-0.04359936656787042,"upper_bound":-0.039453417027004875},"point_estimate":-0.04065868713883214,"standard_error":0.0011071899841699252}}