{"mean":{"confidence_interval":{"confidence_level":0.95,"lower_bound":0.043362289953955635,"upper_bound":0.048278723262837074},"point_estimate":0.04580463912452726,"standard_error":0.001256791686512083},"median":{"confidence_interval":{"confidence_level":0.95,"lower_bound":0.04435518075726819,"upper_bound":0.048926900571031995},"point_estimate":0.045839419671157344,"standard_error":0.0011948311659124096}}