{"mean":{"confidence_interval":{"confidence_level":0.95,"lower_bound":-0.005768672563616009,"upper_bound":0.0009355564962020245},"point_estimate":-0.002682084381416483,"standard_error":0.0017121027258970413},"median":{"confidence_interval":{"confidence_level":0.95,"lower_bound":-0.007973119194619738,"upper_bound":-0.0023996258110671187},"point_estimate":-0.004909707935208063,"standard_error":0.0014456560182052355}}