{"mean":{"confidence_interval":{"confidence_level":0.95,"lower_bound":-0.028498621134133928,"upper_bound":-0.023180035368618356},"point_estimate":-0.02594068885932188,"standard_error":0.0013447956428093476},"median":{"confidence_interval":{"confidence_level":0.95,"lower_bound":-0.02814523724974205,"upper_bound":-0.02248707421971541},"point_estimate":-0.025318616542301386,"standard_error":0.0014152698320304897}}