{"mean":{"confidence_interval":{"confidence_level":0.95,"lower_bound":-0.06141012536736211,"upper_bound":-0.05987253036586879},"point_estimate":-0.060632323720617776,"standard_error":0.0003897430546199006},"median":{"confidence_interval":{"confidence_level":0.95,"lower_bound":-0.061513401048796545,"upper_bound":-0.059879935964425195},"point_estimate":-0.06065110118853012,"standard_error":0.00041322595598406164}}