{"mean":{"confidence_interval":{"confidence_level":0.95,"lower_bound":0.02762981105948722,"upper_bound":0.03324199374948104},"point_estimate":0.03046287331638342,"standard_error":0.0014302487740257678},"median":{"confidence_interval":{"confidence_level":0.95,"lower_bound":0.028289901921023652,"upper_bound":0.03201676538655751},"point_estimate":0.030274300339684146,"standard_error":0.00092824952636397}}