{"mean":{"confidence_interval":{"confidence_level":0.95,"lower_bound":0.03804063236017092,"upper_bound":0.044582457404076965},"point_estimate":0.04160219558619116,"standard_error":0.001676269013405619},"median":{"confidence_interval":{"confidence_level":0.95,"lower_bound":0.04318326493661351,"upper_bound":0.046616826328154115},"point_estimate":0.04485449638187755,"standard_error":0.0008614874907327951}}