{"mean":{"confidence_interval":{"confidence_level":0.95,"lower_bound":-0.06046323264754472,"upper_bound":-0.054671976915909144},"point_estimate":-0.05713052476036384,"standard_error":0.0014996258681633145},"median":{"confidence_interval":{"confidence_level":0.95,"lower_bound":-0.05644593334361925,"upper_bound":-0.05463981976134169},"point_estimate":-0.05526698242293526,"standard_error":0.0004756224435875887}}