{"mean":{"confidence_interval":{"confidence_level":0.95,"lower_bound":0.006197765484104579,"upper_bound":0.013634457285084781},"point_estimate":0.009088040052356083,"standard_error":0.001843042616822888},"median":{"confidence_interval":{"confidence_level":0.95,"lower_bound":0.005020348464357172,"upper_bound":0.009745403724457091},"point_estimate":0.00802860812005668,"standard_error":0.0012461790525107785}}