{"mean":{"confidence_interval":{"confidence_level":0.95,"lower_bound":-0.028628749485952582,"upper_bound":-0.02612316135560541},"point_estimate":-0.02736241322213029,"standard_error":0.0006405991351977489},"median":{"confidence_interval":{"confidence_level":0.95,"lower_bound":-0.029224672553674225,"upper_bound":-0.026143803193450443},"point_estimate":-0.027753137174726827,"standard_error":0.0007944050224988352}}